N;Artista;Album;Genero;Duracao;Rating;Chave I;Chave II
1;Rise to Fall;Defying the Gods;Melodic Death Metal;41,58;7;1;1,1
2;Disarmonia Mundi;The Isolation Game;Melodic Death Metal;53,54;8;1;1,1
3;Alborosie;Escape From Babylon;Reggae;65,00;6,5;13;
4;It Dies Today;Sirens;Metalcore;39,41;6,75;1,4;1,4
5;Before the Dawn;Rise of the Phoenix;Melodic Death Metal;51,55;7;1;1,1
6;Shokran;Supreme Truth;Progressive Metal/ Djent;42,07;9;1;1,5
7;Adema;Selftitled;Nu Metal;40,00;8,5;1;1,2
8;HorrorPops;Hell Yeah!;Psychobilly;40,15;7;13;
9;Archive;Controlling Crowds;Trip-Hop;78,11;8,75;6;
10;The Dead Weather;Horehound;Progressive Rock;44,01;8,5;5;5,1
11;Stepa;Selftitled;Nu Metal;38,43;7;1;1,2
12;We Are The Empty;Selftitled;Post Hardcore;49,37;7,75;4;4,1
13;Shaw Lee's Ping Pong Orchestra;World of Funk;Progressive Funk;52,10;9,5;9;
14;Francois Couperin;Le Grand Pieces de Violes;Barroco;60,00;8;13;
15;Be'lakor;Stone's Reach;Melodic Death Metal;59,31;8;1;1,1
16;Beyond Our Eyes;Under Control;Metalcore;23,57;6;1,4;1,4
17;Dawn of Solace;The Darkness;Doom Metal;30,00;7,5;1;1,7
18;Aranda;Stop the World;Hard Rock;34,58;8,5;5;
19;Tonight Alive;What Are You Scared of?;Post Hardcore;94,00;6,75;4;4,1
20;Switched;Subject to Change;Nu Metal;45,56;7,75;1;1,2
21;Level;Selftitled;Nu Metal;45,20;7;1;1,2
22;Hoobstank;Fight or Flight;Post Grunge;40,00;5;13;
23;Billy Talent;Greatest Hits;Hardrock;46,32;8;5;
24;Never See Tomorrow;To the Depts;Metalcore;29,43;6;1,4;1,4
25;Bleed From Within;Uprising;Post Metalcore;50,17;7;1,4;1,4
26;Fit For a King;Decendants;Metalcore;37,02;6,5;1,4;1,4
27;Make Them Suffer;Old Souls;Melodic Deathcore;40,00;8,25;4;4,2
28;Breakdown of Sanity;Perception;Post Metalcore;52,52;7;1,4;1,4
29;Confide;All is Calm;Post Metalcore;40,20;7,5;1,4;1,4
30;Shade Empire;Omega Arcane;Melodic Death Metal/ Symphonic;30,00;7,75;1;1,1
31;40 Bellow Summer;Invitation to the Dance;Nu Metal;46,47;7;1;1,2
32;Nujabes;Spiritual State;Nu Jazz;60,00;10;3;2,3
33;Grim Fandango;OST;Soundtrack;43,35;9;12;
34;For The Fallen Dreams;Heavy Hearts;post Metalcore;40,00;6,75;1,4;1,4
35;Ultraspank;Progress;Nu Metal;45,19;7,75;1;1,2
36;Pulse Ultra;Headspace;Nu Metal;56,53;7,5;1;1,2
37;Mad At Gravity;Resonance;Nu Metal;51,17;7,75;1;1,2
38;Edgewater;We're Not Robots;Nu Metal;36,07;8;1;1,2
39;Destiny Potato;LUN;Progressive Metal/ Djent;51,27;8,5;1;1,5
40;Intervals;A Voice Within;Progressive Metal/ Djent;49,33;8,25;1;1,5
41;Periphery;Selftitled;Djent;50,00;8,25;13;1,5
42;Katatonia;The Great  Cold Distance;Progressive/ Post Rock;60,00;8,5;5;5,1
43;Still Remains;Ceasing To Breathe;Metalcore;54,01;8,5;1,4;1,4
44;Dance With The Dead;The Shape;New Synthwave;43,47;7;11;
45;Arch Enemy;War Eternal;Melodic Death Metal;47,32;7;1;1,1
46;Testament;The Gathering;Trash Metal;42,56;9;1;1,9
47;Hypocrisy;Abducted;Death Metal/ Aliencore;46,54;9;1,4;1,9
48;Morbid Angel;Illud Divinum Insanus;Death Metal/ Industrial;56,45;7;1;1,9
49;Amon Amarth;Twilight of the Thunder God;Melodic Death Metal;43,36;6,75;1;1,1
50;Children Of Bodom;Hate Crew Deathroll;Melodic Death Metal;40,14;7;1;1,1
51;AJJ;Can't Maintain;Punk Folk;28,22;10;8;
52;Streetlight Manifesto;Somewhere In The Between;Skapunk;44,35;9;13;
53;Fit For An Autopsy;Absolute Hope Absolute Hell;Deathcore;40,14;10;4;4,2
54;Thy Light;Suici.De.Pression;Progressive Black Metal;45,37;7,5;1;1,8
55;RA The Rugged Man;Legends Never Die;Hip-Hop/ Rap;57,15;7;2;2,1
56;Cynic;Traced In Air;Progressive;34,11;9,9;13;
57;Protest The Hero;Volition;Speed Metal;54,13;6,5;1;1,9
58;Vanilla;For Whats It's Worth;Nu Jazz/ Hip-Hop;40,35;8,75;2,3;2,3
59;Polyphia;Reinassance;Math Metal/ Progressive Metal;44,31;9,9;1;1,9
60;Skipless;Jazzamentals;Nu Jazz/ Hip-Hop;23,05;8,75;2,3;2,3
61;Villain Accelerate;Maid of Gold;Trip-Hop;53,24;10;6;6,2
62;The Glitch Mob;Love Death Immortality;Glitch;51,07;8;13;
63;Earthside ;A Dream In Static;Progressive Metal;64,34;9;1;1,3
64;Black Tide;Light from Above;Speed Metal;55,03;8,25;1;1,9
65;Fair To Midland Guilleves;Arrows And Anchors;Progressive Metal;54,49;9;1;1,3
66;Novelists;Souvenirs;Post Metalcore;49,24;8;1,4;1,4
67;Atmospheres;The Departure;Progressive/ Post Rock;44,50;8,5;5;5,1
68;Auras;Crestfallen;Deathcore;19,01;8,5;4;4,2
69;Hail The Sun;Wake;Post Hardcore;51,49;9;4;4,1
70;Marcus D;Melancholy Hopeful;Nu Jazz/ Hip-Hop;71,29;9,5;2,3;2,3
71;Manu Chao;Clandestino;Ska;45,46;10;13;
72;Oh Hiroshima;In Silence We Yearn;Post Rock;38,48;7,5;5;5,2
73;Coubo;Selcouth;Lo-Fi;21,41;7,75;2;2,2
74;Jinsang;Solitude;Lo-Fi;51,17;8;2;2,2
75;Shlohmo;Bad Vibes;Lo-Fi;56,45;7;2;2,2
76;Takuya Kuroda;Rising Son;Jazz;55,25;10;3;3
77;Low Roar;Selftitled;Post Rock;53,37;9;5;5,2
78;Ryo Fukui;Scenery;Jazz;41,21;10;3;3
79;Tomppabeats;Harbor;Lo-Fi;35,07;6,75;2;2,2
80;The Alchemist;Israeli Salad;Trip-Hop;37,49;10;6;6,2
81;Pertubator;The Uncanny Valley;Synthwave;68,05;7;11;
82;Royal Blood;Selftitled;Indie Rock;32,41;10;5;
83;Shokran;Exodus;Progressive Metal/ Djent;35,20;8,75;1;1,5
84;Crywank;Tomorrow Is Nearly Yesterday And Every Day Is Stupid;Indie;41,41;8,75;13;
85;Khruangbin;Mordechai;Funk;43,58;7,5;9;
86;Limes;Freshly Squeezed;Lo-Fi;30,23;9,5;2;2,2
87;Voyager;V;Progressive Metal;54,49;7,5;1;1,3
88;Mgla;Exercises In Futility;Black Metal;42,17;8,25;1;1,8
89;Kognitif;Soul Food;Eletroswing/ Nu Jazz/ Hip Hop;56,37;10;2,3;2,3
90;Caravan Palace;Mix;Eletroswing;53,02;8,25;13;
91;Blockhead;The Music Scene;Trip-Hop;63,08;6,75;6;6,2
92;Bob42jh;Dark Days, Cold Nights;Nu Jazz/ Hip-Hop;30,45;6,75;2,3;2,3
93;Estas Tonne;Internal Flight;Progressive;64,39;9,5;13;
94;Behemoth;The Satanist;Black Metal;44,25;9,5;1;1,8
95;Enslaved;Axioma Ethica Odini;Melodic Black Metal;58,30;8,5;1;1,8
96;Marilyn Manson;The Pale Emperor;Alternative Rock;67,03;9;5;
97;Black Light Burns;Cruel Melody;Alternative Rock;61,11;7,75;5;
98;The Enigma TNG;Cybergoth Mix;Synthwave;43,16;8,5;11;
99;CloZee;Imagine Warrior;Glitch/ Trap;57,31;8;13;
100;Korn;The Serenity of Suffering;Nu Metal;48,58;8,25;1;1,2
101;Hiroshi Yoshimura;Wet Land;Ambiente;38,03;7;13;
102;Osamu Kitajima;Masterless Samurai;Funk/ Folk;38,00;8;8,9;
103;Gasoline;Snap Your Neck Back;Hip-Hop/ Rap;64,25;10;2;2,1
104;Scandroid;Selftitled;Synthwave;71,59;7;11;
105;The Sound Defects;Volume 2;Nu Jazz/ Hip-Hop/ Funk;40,30;9,25;2,39;2,3
106;Mouse On The Keys;The Flowers Of Romance;Jazz;37,28;9;3;3
107;Yoko Kanno & Seatbelts;Cowboy Bebop;Blues/ Jazz/ OST;50,00;10;10,3;3
108;Nymano;Romance;Lo-Fi;32,31;7,5;2;2,2
109;Steve Wilson;To The Bones;Progressive Rock;60,00;8,5;5;5,1
110;Gabor Szabo;Dreams;Jazz;35,22;10;3;3
111;Tha Trickaz;Cloud Adventure;Trip Hop/ Dubstep/ Rap;48,31;7,25;6;2,1
112;A Pale Horse Named Death;And Hell Will Follow Me;Doom Metal;54,02;9,5;1;1,7
113;Jazz Liberatorz;Clin D'oeil;Nu Jazz/ Hip-Hop/ Rap;79,51;9,5;2,3;2,1
114;Batushka;Litourgiya;Black Metal;41,18;8,5;1;1,8
115;We Butter The Bread With Butter;Goldkinder;Eletronicore;50,54;7,75;4;4,3
116;Lilium;Transmissions Of All The Goodbyes;Blues/ Folk?;39,20;9;10,8;
117;Soley;We Sink;Indie;47,14;9,9;13;
118;Spellcaster;Night Hides The World;Heavy Metal;43,06;7;1;1,9
119;Morphine;Good;Blues;38,18;10;10;
120;Moby;Play (The B Sides);Downtempo/ Eletrìnica;60,00;8,75;13;
121;Matt Elliott;Drinking Songs;Dark Folk;66,31;10;8;
122;Holy Grail;Times Of Pride And Peril;Speed Metal;46,56;7,5;1;1,9
123;Madrugada;Industrial Silence;Blues/ Rock;64,11;7,75;10,5;
124;The Kilimanjaro Dark Jazz Essemble;Here Be Dragons;Trip-Hop/ Jazz;55,21;10;3,6;6,1
125;Seventh Void;Heaven Is Gone;Doom/ Stoner Metal;42,26;7,5;1;1,7
126;The Third Eye Foundation;The Darkness;Trip-Hop;43,04;10;6;6,1
127;Three Leg Dog;Red Sun;Stoner Metal;45,56;8,25;1;1,6
128;The Dreadnoughts;Polka's Not Dead;Polk Folk Punk;32,56;9;8;
129;Viza;Made In Chernobyl;Folk Rock;39,34;7;5,8;
130;Cunninlynguists;A Piece Of Strange;Hip-Hop/ Rap;54,13;8,75;2;2,1
131;Onra;Chinoiseries;Boom Bap/ Hip Hop;62,34;8,75;2;
132;Harakiri For The Sky;III:Trauma;Post Black Metal;75,13;9;1;1,8
133;Kurt Travis;Everything Is Beautiful;Indie;41,33;7;13;
134;Laura Misch;Playground;Nu Jazz;19,56;8;3;2,3
135;Mastodon;Emperor Of Sand;Progressive Metal;51,13;9;1;1,3
136;Stoner Train;Hobo From Outer Space;Stoner Metal;31,21;8;1;1,6
137;Uyama Hiroto;Freeform Jazz;Nu Jazz;51,22;8,25;3;2,3
138;Paradise Lost;The Plague Within;Gothic/ Doom Metal;59,31;8,75;1;1,9
139;Trees Of Eternity;Hour Of The Nightingale;Gothic/ Doom Metal;62,42;8,25;1;1,9
140;The Devil And The Almighty Blues;II;Stoner Metal;47,51;7,25;1;1,6
141;Djelmash;Crossroads;Progressive Metal;20,33;8,5;1;1,3
142;Red Fang;Only Ghosts;Stoner Metal;41,22;9;1;1,6
143;The Sword;Low Country;Stoner Rock;31,26;9;5;5,3
144;Cathedral Ring;A Decade Alone On The Alps;Post Rock;58,13;7;5;5,2
145;SiamÇs;Bounce Into The Music;Indie/ Pop;35,51;9;13;
146;Atlantis Chronicles;Barton's Odyssey;Melodic/ Progressive Death Metal;41,32;8,75;1;1,1
147;The Ugly Kings;Of Sins;Blues/ Rock;32,00;8,75;10,5;
148;Ex People;Bird;Stoner Rock;42,43;8,75;5;5,3
149;David L. Harris;Blues I Felt;Jazz;64,02;9;3;3
150;Moondog;The German Years;"""Neocl†ssico""";65,14;10;13;
151;The Black Heart Procession;One;Indie;48,07;8;13;
152;Papa Roach;Crooked Teeth;Nu Metal;48,00;5;1;1,2
153;Silent Alarm;Bloc Party;Alternative Rock;54,05;8;5;
154;Shades Of Black;Ocean;Progressive/ Deathcore;54,24;8,75;4;4,2
155;The Algorithm;Brute Force;Eletronicore;46,06;8,5;4;4,3
156;Parov Stellar;Collection;Eletroswing;38,43;8;13;
157;Aurora;All My Demons Greeting Me As A Friend;Pop;65,10;8,75;13;
158;Alter Bridge;Blackbird;Post Grunge;59,13;8,75;13;
159;Russian Circles;Station;Post Rock;43,28;6,75;5;5,2
160;16 Horsepower;Low Estate;Dark Country;49,39;9,5;13;
161;Before I Turn;The Virus;Deathcore;36,57;8,5;4;4,2
162;Dead Can Dance;Anastasis;Neocl†ssico;56,24;8,75;13;
163;Church Of The Cosmic Skull;Is Satan Real?;Stoner/ Progressive Rock;34,42;8,75;5;5,1
164;Portishead;Selftitled;Trip Hop;50,31;10;6;6,1
165;The Last Sighs Of The Wind;We Are Trees;Post Rock;50,12;8,5;5;5,2
166;Degiheugi;Endless Smile;Nu Jazz/ Hip Hop;58,06;9,9;2,3;2,3
167;Damu The Fudgemunk;Sparetime;Nu Jazz;70,53;8;3;2,3
168;Big Bad Voodoo Daddy;Americana Deluxe;Swing/ Blues;50,01;9;10;
169;Yeseo;Million Things;K-pop;28,38;8,25;13;
170;Mark Farina;Mushroom Jazz;Nu Jazz;70,39;6,5;3;2,3
171;Dj Okawari;Compass;Nu Jazz;44,22;8,75;3;2,3
172;Osi And The Jupiter;Uthuling Hyl;Neofolk;51,41;7;8;
173;Prophets Of Rage;Selftitled;Hardcore;60,29;10;4;4,1
174;Elijah Who;Gentle Boy;Lo-Fi;20,27;8,25;2;2,2
175;Fear Of Domination;Atlas;Industrial Metal;41,23;8,5;1;1,9
176;Morcheeba;Big Calm;Trip Hop;46,53;9;6;6,2
177;Thievery Corporation;The Richest Man In Babylon;Trip Hop;53,17;9;6;6,2
178;Ulver;The Assassination Of Julius Caesar;Rock/ Eletrìnica?;43,45;8,5;5;
179;Once Human;Evolution;Death Metal;60,00;7;1;1,9
180;Winds Of Plague;Blood Of My Enemy;Deathcore;39,18;8,75;4;4,2
181;Crown The Empire;Retrograde;Metalcore;48,08;6;1,4;1,4
182;Slaine & Termanology;Anti-Hero;Hip Hop/ Rap;49,42;8,25;2;2,1
183;While She Sleeps;You Are We;Post Metalcore;51,07;6;1,4;1,4
184;Famous Last Words;The Incubus;Metalcore;42,58;8;1,4;1,4
185;Apathy;Handshakes With Snakes;Hip-Hop/ Rap;42,27;8,25;2;2,1
186;Palisades;Selftitled;Post Hardcore;39,18;8;4;4,1
187;The White Noise;AM PM;Metalcore;34,24;7,75;1,4;1,4
188;Jedi Mind Tricks;Violence Begets Violence;Hip Hop/ Rap;47,03;7,5;2;2,1
189;La Coka Nostra;To Thine Own Self Be True;Hip-Hop/ Rap;44,28;7,25;2;2,1
190;Primer 55;Introduction To Mayhem;Nu Metal;48,45;7,75;1;1,2
191;Lionheart;Love Don't Live Here;Hardcore;27,31;7,5;4;4,1
192;The Browning;Isolation;Eletronicore;43,16;8,5;4;4,3
193;Portishead;Dummy;Trip Hop;49,17;10;6;6,1
194;Ne Obliviscaris;Urn;Progressive Death Metal;46,01;8,75;1;1,9
195;Twelve Foot Ninja;Outlier;Funk Metal;38,22;8,5;1,9;1,9
196;Max Richter;Vivaldi;Neocl†ssico;43,59;9;13;
197;Trivium;The Sin And The Sentence;Heavy Metal;57,23;8,75;1;1,9
198;Heavy Metal Kings;Black God White Devil;Hip Hop/ Rap;44,27;8;2;2,1
199;Mastodon;Cold Dark Place;Sludge/ Progressive Metal;21,52;9;1;1,3
200;Trapt;No Apologies;Alternative Rock;44,57;6,5;5;
201;First Blood;Rules;Hardcore;36,51;8,75;4;4,1
202;Hooverphonic;No More Sweet Music;Trip Hop;41,04;8,25;6;6,1
203;Flamingosis;A Groove Thing;Nu Jazz/ Funk;55,24;8,5;3,9;2,3
204;All Shall Perish;The Price Of Existence;Deathcore;43,07;7,5;4;4,2
205;Gesaffelstein;Variations;Industrial / Minimalista;36,26;10;13;
206;Agnes Obel;Philharmonics;Folk/ Pop;60,00;8,5;8;
207;DSME;Comes To An End;Progressive Metal/ Djent;40,00;9,5;1;1,5
208;Knocked Loose;Laugh Tracks;Hardcore;29,04;7,75;4;4,1
209;Tom Waits;The Heart Of Saturday Night;Blues;41,36;10;10;
210;Cypecore;Identity;Industrial Metal;51,03;8,75;1;1,9
211;Recode The Subliminal;The Cost Of Every Man;Post Metalcore;57,01;9;1,4;1,4
212;Fit For Rivals;Steady Damage;Post Hardcore;31,08;9;4;4,1
213;Maiak;A Very Pleasant Way To Die;Post Rock;40,41;7;5;5,2
214;George Thorogood;Move It On Over;Blues/ Rock;40,59;8;10,5;
215;Chinese Man;Shikantaza;Trip Hop/ Hip Hop;64,07;9;2,6;6,2
216;God Body Disconnect;Sleeper's Fate;Experimental;51,12;9;13;
217;Gost;Non Paradisi;Synthwave;47,26;6;11;
218;Hugh Laurie;Didn't It Rain;Blues;61,51;10;10;
219;Rivers Of Nihil;Where Owls Know My Name;Progressive Death Metal;56,43;10;1;1,9
220;Blond Redhead;Melody Of Certain Damaged Lemons;Trip Hop;39,25;8,75;6;6,1
221;Mercenary;Through Our Darkest Days;Melodic Death Metal;48,14;8,25;1;1,1
222;Drowning Pool;Sinner;Nu Metal;34,06;7;1;1,2
223;There's A Light;A Long Lost Silence;Post Rock;51,02;7;5;5,2
224;Dub Garden;Doctor Wind;Trip Hop/ Reggae;36,03;8,75;6;6,2
225;Abstract Orchestra;Madvillain;Nu Jazz;39,28;9;3;2,3
226;L'indÇcis;Playtime;Nu Jazz/ Hip Hop;20,34;8,5;2,3;2,3
227;Distant Dream;It Starts From Pieces;Post Rock;40,05;7,5;5;5,2
228;Polyphia;New Levels New Devils;Progressive Metal/ Math Metal;36,58;10;1;
229;Heart Attack;The Resilience;Trash Metal/ Hardcore;45,06;8,5;1,4;1,9
230;Deficiency;The Dawn Of Consciousness;Trash Metal;58,59;8;1;1,9
231;The Dreadnoughts;Foreign Skies;Polk Folk Punk;43,10;7,75;8;
232;Perihelion;OrvÇny;Progressive Metal;38,12;9;1;1,3
233;Dronte;Quelque Part Entre La Guerre El La LÉchetÇ;Avant-garde Metal;46,31;9;1;1,9
234;High On Fire;Eletric Messiah;Trash Metal;57,02;7,75;1;1,9
235;Ben Johnston;String Quartet 7;Neocl†ssico;23,53;9,9;13;
236;Bula;N∆o Estamos Sozinhos;Post Hardcore;41,25;8;4;4,1
237;Hyakkei;Okurimono;Math Rock;49,42;8,75;5;5,4
238;Y'Akoto;Babyblues;R&B?;44,44;8;13;
239;Elijah Nang;Gaijin;Lo-Fi;79,04;8,5;2;2,2
240;Snoop Lion;Reincarnated;Trap/ Reggae;57,31;8;13;
241;Baiana System;Duas Cidades;Reggae Progressivo;40,22;8,5;13;
242;Kyojaku;Kokou No Gadan;Math Rock;40,08;8,75;5;5,4
243;Tristeza;Spine And Sensory;Post Rock;59,46;8,75;5;5,2
244;A Pale Horse Named Death;When The World Becomes Undone;Gothic/ Doom Metal;62,04;8,5;1;1,7
245;Pablo Casals;JS Bach The Six Cellos Suites;Barroco;130,12;9;13;
246;My Sleeping Karma;Soma;Stoner post rock;79,19;8,5;5;5,2
247;Uncle Acid & the Deadbeats;Blood Lust;Stoner Rock;45,02;8,5;5;5,3
248;Dub Garden;Orders;Trip-Hop/ Reggae;34,48;8,5;6;6,2
249;Woven Hand;Blush Music;Progressive Country;67,10;9,5;13;
250;Belzebong;Greenferno;Stoner Metal;35,14;8,5;1;1,6
251;Covet;Effloresce;Math Rock;31,04;8,5;5;5,4
252;Stoned Jesus;Seven Thunder Roar;Stoner Rock;48,05;8;5;5,3
253;Somali Yatch Club;The Sea;Stoner Rock;53,12;7,25;5;5,3
254;Eletric Wizard;Witchcult Today;Stoner/ Doom Metal;58,56;9;1;1,7
255;The Cancel;Selftitled;Nu Jazz/ Hip-Hop;54,31;8,75;2,3;2,3
256;Mephistofeles;Whore;Stoner Rock;34,05;8,5;5;5,3
257;Sixtoo;Antagonist Survival Kit;Trip Hop/ Rap;46,26;8,5;6;2,1
258;Vision Of Desorder;S/T;Hardcore;39,17;8;4;4,1
259;Fat Freddy's Drop;Blackbird;Nu Jazz/ Reggae;63,51;8,75;3;2,3
260;Francisco, El Hombre;Soltasbruxa;AxÇ fusion?;38,19;8,5;7;
261;Doomer Paulista;Mix Tape;MPB;24,34;8,75;13;
262;Agalloch;The Mantle;Progressive Black Metal;68,37;8,5;1;1,8
263;Blasphemus;OST;Soundtrack;107,19;7,5;12;
264;Pathologic 2;OST;Soundtrack;183,14;9,5;12;
265;Primus;Suck On This;Groove Metal;43,15;8,75;1;1,9
266;We Are Magonia;The Living Will Envy The Dead;Synthwave/ Industrial;45,33;8,5;11;
267;Moris Blak;The Irregularity Of Being;Synthwave/ Industrial;45,10;7,75;11;
268;Clipping.;There Existed An Addiction To Blood;Hip-Hop/ Rap/ Industrial;68,41;10;2;2,1
269;Diablo Swing Orchestra;The Butcher's Ballroom;Avant-garde Metal;50,10;8,75;1;1,9
270;Corpo-mente;Selftitled;Trip Hop/ Experimental Opera;40,27;9;6;
271;Ricinn;Lian;Trip Hop/ Experimental Opera;56,47;9;6;
272;Oysterhead;The Grand Pecking Order;Funk Fusion;51,36;7,75;9;
273;In Flames;I, The Mask;Alternative Metal;55,10;8;1;1,9
274;Me And That Man;New Man,New Songs, Same Shit;Dark Country;40,43;8,25;13;
275;All Them Witches;Lighting At The Door;Stoner Metal;45,31;9;1;1,6
276;Casiopea;Mint Jams;Jazz Fusion;35,57;9;3;3
277;Dzivia;Rujnuj;Folk;79,17;7,5;8;
278;Katsumi Horii Project;Ocean Drive;Jazz Fusion;41,12;7,5;3;3
279;Katsumi Horii Project;Sky Cruisin';Jazz Fusion;46,41;7,5;3;3
280;Haircuts For Men;????????????;Vaporwave;59,38;8,5;13;
281;Nucleos;Alleycat;Funk;41,40;8,5;9;
282;Ryo Fukui;My Favorite Tune;Jazz;43,34;8,75;3;3
283;Osamu Kitajima;Dragon King;Funk/ Folk;38,43;7;8,9;
284;Upon A Burning Body;Southern Hostility;Deathcore;30,38;8;4;4,2
285;Amon Tobin;Out From Out Where;Trip Hop/ Industrial;57,15;9;6,7;
286;Os Tinco∆s;Selftitled;MPB;27,21;9;7;
287;Binkbeats;Full Session;Trip Hop;46,49;8,5;6;
288;Milton Nascimento;Clube Da Esquina;MPB Progressivo;74,23;10;7;
289;Sivuca;Selftitled;Chorinho/ bai∆o;38,06;10;7;
290;The Necromancers;Of Blood And Wine;Sludge Metal;43,21;9;1;1,9
291;Thelonious Monk;Monk's Dream;Jazz;46,52;9;3;3
292;Men I Trust;Oncle Jazz;Dream Pop;71,22;8,25;13;
293;Nouvelle Vague;Selftitled;Bossa/ Jazz;52,24;8,75;3;3
294;Okvsho;Traphouse Jazz;Nu Jazz;19,53;7,75;3;2,3
295;Herb Ellis & Remo Palmier;Windflower;Jazz;40,08;8,25;3;3
296;Alfa Mist;Structuralism;Nu Jazz;49,25;8;3;2,3
297;Kokoroko;Selftitled;Jazz/ Funk;24,26;7,75;3,9;3
298;Apashe;Renaissance;Trap;45,15;9;13;
299;Steve Wilson;Hand. Cannot. Erase.;Progressive Rock;66,11;9,5;5;5,1
300;Flippy 19XX;Neon Summer;Future Funk;25,41;9,5;9;
301;Ichika Nito;She Waits Patiently;Math Rock;13,56;10;5;5,4
302;Copper Age;Buerismo;Stoner Metal;78,50;7,75;1;1,6
303;Shroom Eater;Ad Inventum;Stoner Metal;38,25;7,75;1;1,6
304;Volumes;No Sleep;Djent;33,52;8,75;1;1,5
305;Mnemic;Passenger;Industrial/ Nu Metal;52,50;8;1;1,2
306;Deep Puddle Dynamics;The Taste Of Rain... Why Kneel;Hip Hop/ Rap;72,30;9;2;2,1
307;Bongripper;Miserable;Doom Metal;69,06;9;1;1,7
308;Quinteto Armorial;Do Romance Ao Galope Nordestino;Cordel;42,42;10;7;
309;Substantial & MarcusD;Are Bop Alley;Nu Jazz/ Hip Hop;55,31;9,75;2,3;2,3
310;Monolord;Rust;Sludge Metal;54,55;8,75;1;1,9
311;Ours Samplus;Orphan Loops;Eletroswing/ Nu Jazz/ Hip Hop;42,13;9;2,3;2,3
312;D.F.C.;Igreja Quandrangular Do TriÉngulo Redondo;Punk/ Hardcore;19,40;10;4;4,1
313;The Berzerker;Selftitled;Industrial/ Grindcore;40,57;7,75;4;
314;Sole;Bottle Of Humans;Industrial/ Hip Hop/ Rap;72,47;9;2;2,1
315;A Perfect Circle;Mer De Noms ;Post-Grunge;42,00;8,5;13;
316;Moderator;The World Within;Nu Jazz/ Trip Hop/ Hip Hop;33,43;9,9;2,36;2,3
317;Fat Jon;Wave Motion;Nu Jazz/ Hip Hop;49,50;8;2,3;2,3
318;Acid Mammoth;Under Acid Hoof;Doom/ Stoner Metal;35,19;9;1;1,7
319;Toe;Hear You;Math Rock;39,30;9,75;5;5,4
320;Motionless In White;Graveyard Shift;Metalcore/ Industrial;48,44;8,25;1,4;1,4
321;Tokimonsta;Midnight Menu;Trip Hop/ Hip Hop;52,39;8,25;2,6;
322;Disbelief;Shine;Death Metal;47,35;8,5;1;1,7
323;Witchcraft;Selftitled;Stoner Rock;41,04;8,75;5;5,3
324;Faidra;Six Voices Inside;Black Metal;42,47;7;1;1,8
325;Tosca;Suzuki;Trip Hop;59,41;7;6;6,2
326;Gesta;A Chave De Ouro Do Reino Vai-N∆o-Volta;MPB;61,06;8;7;
327;Ratos de Por∆o;Brasil;Trash Metal/ Punk;31,01;9,5;1,47;1,9
328;Arnold Schoenberg;VerklÑrte Nacht Op. 4;Cl†ssica;29,25;9,5;13;
329;Erra;Neon;Progressive Metal/ Djent;43,03;7,25;1;1,5
330;Crystal Lake;Helix;Deathcore;41,06;8,5;4;4,2
331;Genghis Tron;Board Up The House;Progressive Grindcore;61,15;7,75;1;
332;Kmac2021;Impostor;Progressive Metal/ Djent;28,00;8,5;1;1,5
333;BK;L°der Em Movimento;Hip Hop/ Rap;36,31;8,75;2,7;2,1
334;Rudimentary Peni;Death Church;Punk;32,52;9,75;13;
335;The Caretaker;An Empty Bliss Beyond This World;Experimental;52,26;9,9;13;
336;Academia Da Berlinda;Olidance;AxÇ fusion?;50,44;8;7;
337;Dorohedoro;OST;Soundtrack;78,04;9;13;
338;Detour Doom Project;Nothing Remains Of Us;Experimental/ Ambiente;48,08;8;13;
339;Joel Fausto & Illusion Orchestra;Illusion Orchestra At The Gloomy Club;Experimental/ Ambiente;60,51;7;13;
340;Dale Cooper Quartet  & The Dictaphones;Astrild Astrild;Experimental/ Ambiente;72,14;7,5;13;
341;Aging;Suitable For Night;Doom Jazz;33,40;8,75;3;
342;Bad Angels;Black Background;Doom Jazz;47,25;8,75;3;
343;Stefano Torossi;Feelings;Funk;37,27;8,5;9;
344;Diversos*;Trip Hop For Jazz Junkies;Nu Jazz/ Trip Hop/ Hip Hop/ Rap;46,46;8,75;2,36;6,1
345;Hans Dulfer And Ritmo Natural;Candy Clouds;Funk/ Jazz;37,18;8,5;3,9;
346;Irene Schweizer Trio;Jazz Meets India;Jazz;37,38;7;3;
347;Planetarium;Infinity;Progressive Rock;36,46;9;5;5,1
348;PAZ;Kandeen Love Song;Jazz Fusion;48,26;8,5;3;
349;Auramental;Selftitled;Stoner Rock;32,18;8,25;5;5,3
350;Shiraz Castle Magic;Flashes Of Shiraz;Experimental/ Jazz/ Psychedelic;21,06;9,5;3,5;
351;Quintessence;Jams;Progressive/ Stoner Rock;39,12;8;5;5,3
352;Herbie Mann;Stone Flute;Jazz Fusion;40,46;8,75;3;
353;Sunking;Selftitled;Jazz Fusion/ Trip Hop;39,32;8,5;3;6,2
354;Smoke;Everything;Funk/ Jazz;42,28;7,5;3,9;
355;Zendik Farm Orgaztra;Danze Of The Cozmic Warriorz;Stoner Rock;56,14;7;5;5,3
356;Embryo;Steig Aus;Progressive Rock;37,56;7,5;5;5,1
357;Tommy Guerrero;Soul Food Taqueria;Nu Jazz/ Funk;53,51;7;2,39;2,3
358;Club D'Elf;Now I Understand;Trip Hop/ Experimental Jazz;67,25;8;6,3;6,2
359;Darth Vegas;Brainwashing For Dirty Minds;Experimental/ Swing/ Progressive Metal;45,10;8,9;1;1,3
360;Schizoid Lloyd;The Last Note In God's Magnum Opus;Progressive Metal;57,23;8,9;1;1,3
361;Black Mountain Transmitter;Black Goat Of The Woods;Experimental/ Ambiente;40,28;9,9;13;
362;Odezenne;O.V.N.I.;Hip Hop/ Trip Hop/ Rap;60,00;9,5;2,6;2,1
363;Whitey;Now That's Why I Killed Music;Trip/ Rock?;40,00;7,75;5,6;
364;RÅst?m Quliyev;By RÅst?m Quliyev;Azerbaijani;39,55;9,9;13;
365;Funky Destination;Revolution Is The Only Solution;Funk;65,00;9;9;
366;Smoke City;Flying Away;Trip Hop/ Bossa Nova;43,42;9,75;6,7;
367;Night Club;Scary World;Pop?;32,00;8;13;
368;Anti-Lilly & Phoniks;It's Nice Outside;Nu Jazz/ Hip Hop/ Rap;54,47;9;2,3;2,3
369;Sephirot;Cathedron;Ambiente/ Industrial;44,48;9,25;13;
370;Vishudha Kali;Psenodakh;Ambiente/ Experimental;67,36;9,9;13;
371;Jah Van;Djavan Goes Jamaica;Reggae/ MPB;45,54;8;7;
372;Alceu Valenáa & Geraldo Azevedo;Quadrafìnico;MPB;34,02;8,5;7;
373;Russkaja;No One Is Illegal;Ska Metal;45,44;9;13,1;
374;Trigg & Gusset;Adagio For The Blue;Doom Jazz;52,36;9,75;3;
375;Meshuggah;Obzen;Progressive Industrial Metal;50,18;9;1;1,3
376;Skinshape;Life & Love;Funk/ Reggae;21,39;9;13,9;
377;Junkyard Shaman;Silence, Then Pause;Noir Jazz;43,01;8;3;
378;Poldoore;Street Bangerz Vol. 6: Playhouse;Nu Jazz/ Funk/ Hip Hop;45,05;10;2,3;2,3
379;Silent Island;The Curse Of Coleodeia;Post Rock;33,45;8,75;5;5,2
380;Jetpack Jones;Dragonfly;Hip Hop/ Rap;42,36;7,5;2;2,1
381;Revizia;Phantom;Synthwave/ Industrial;33,12;8;11;
382;Puscifer;Don't Shoot The Messenger;Trip Hop/ Industrial;18,18;9;6;6,1
383;Machine Head;The Blackening;Trash Metal;54,40;8,75;1;1,9
384;Incise;Daily Methods;Nu Jazz/ Hip Hop/ Rap;52,32;10;2,3;2,3
385;Angizia;Ein Toter FÑhrt Gern Ringelspiel ;Avant-garde/ Folk Metal;75,51;8;1;1,9
386;The Mountain Goats;Goths;Indie Rock;55,18;7;5;
387;Re:Plus;Ordinary Landscape;Nu Jazz/ Hip Hop/ Rap;55,45;9,5;2,3;2,3
388;Palaye Royale;The Bastards;Indie/ Pop/ Goth;50,38;8,75;13;
389;Neroche;Roadside Oddities;Trip Hop/ Industrial;53,04;9,75;6;6,1
390;Bill Withers;Just As I Am;Blues/ Funk;34,47;9,75;10;
391;Boogie Belgique;Blueberry Hill;Eletroswing/ Hip Hop/ Trip Hop;50,33;9,75;2,36;2,3
392;Sumac Dub;Le Jardin De Lucy;Dub/ Trip Hop;56,27;9;6;6,2
393;Boozoo Bajou;Satta;Trip Hop;56,56;8;6;6,2
394;Tennyson;Selftitled;Trip Hop/ Experimental;41,02;9,9;6;6,2
395;Hidden Orchestra;Archipelago;Neocl†ssico/ Hip Hop/ Trip Hop;60,50;9,75;13,6;
396;Theon Cross;CIYA;Jazz/ Hip Hop;36,48;9,9;2,3;
397;The Architect;Foundations;Eletroswing/ Trip Hop;29,00;9;13,6;6,2
398;Khost;Governance;Industrial;49,48;9,9;13;
399;Geju;Water Elements;Slow House/ Chillrave;120,48;8,5;13;
400;Coss;Mana;Slow House;33,18;9,5;13;
401;Venetian Snares;My So-Called Life;Breakcore;50,13;7;13,4;
402;959er, Nomi Solo;Stay;Slow House;29,22;7;13;
403;Frenic;Initiation: Monomyth Part II;Nu Jazz/ Hip Hop;55,08;9;2,3;2,3
404;Sierra;Gone;Industrial/ Synthwave;21,08;8;11;
405;Peter Gundry;Goâtia ;Dark Folk;43,25;9,5;13;
406;History Of Colours;Antumbra;Slow House/ Dub;34,57;8,5;13;
407;Shawlin;Ruas Vazias;Hip Hop/ Rap;61,42;10;7;
408;Evan Awake & Breezewax;Prima Vista;Nu Jazz/ Hip Hop;19,42;10;2,3;2,3
409;Salvador Araguaya;Redemunho;Slow House/ Chorinho?;23,48;10;13,7;
410;Afterclapp;Beatgarden;Eletroswing/ Nu Jazz/ Hip Hop;29,54;10;2,3;2,3
411;Nicolas Cruz;Siku Reworks;Slow House Latino;54,33;8,25;13,7;
412;ShinSight Trio;Somewhere Beyond The Moon;Nu Jazz/ Hip Hop/ Rap;49,48;10,25;2,3;2,3
413;Ujico/ Snail House;L'ÇtÇ;Nu Jazz/ Math/ Hip Hop;33,49;10;2,3;2,3
414;Sollist;Beholder;DnB;17,49;9;13;
415;EXZ;Saola;Trip House/ Trap;13,29;10;13;
416;Tsutchie;Get A Point;Nu Jazz/ Hip Hop/ Rap;27,00;10,1;2,3;2,3
417;Batu Ozer;Ma;Slow House;33,26;7,75;13;
418;Mose;Elements;"Slow House/ Chillrave/ ""Tribal""";35,36;9,9;13;
419;Buena Vista Social Club;Hecho En Cuba;Tango/ Jazz Latino;46,05;10;3,7;
420;Quantic;Apricot Morning;Nu Jazz/ Funk;54,36;10;3,9;
421;Sarksmo & Choco;Para AlÇm Do Capital;Hip Hop/ Rap/ Industrial;55,51;10;2,7;2,1
422;Infected Mushroom;More Than Just A Name;Psytrance;57,12;8;13;
423;Uamee;Top Shelf Hardbass;Hardbass;12,03;8;13;
424;Aphex Twin;Drukqs;IDM/ Breakbeat/ Experimental;100,54;10;13;
425;Keosz;AVA;Ambiente;54,50;6,75;13;
426;Subheim;Approach;Ambiente;58,52;8,75;13;
427;Veils;Cocoon;Ambiente/ Industrial;29,19;8,5;13;
428;Anna Von Hausswolff;All Thoughts Fly;Ambiente/ Neocl†ssico;43,34;9;13;
429;Miles Davis;Miles In The Sky;Jazz;51,53;9;3;
430;ODDKO;Digital Gods;Industrial/ Eletronic/ Alt Metal;18,10;7;1;1,9
431;Fruko Y Sus Tesos;Contento;Salsa;40,00;8;7;
432;The Mount Fuji Doomjazz Corporation;Egor;Doomjazz;68,51;9,5;3;
433;Om;Advaitic Songs;Psychedelic/ Stoner Rock?;43,47;9;5;5,3
434;Flesh;Come And See This Cruel World;Witch House/ Industrial;58,36;9,5;13;
435;Coil;The Ape Of Naples;Industrial/ Experimental;65,37;10;13;
436;Audio Bullys;Ego War;Breakbeat/ Hip Hop/ Eletrìnica;60,46;7,75;13,2;
437;Yoshimi;Atavism;Witch House/ Industrial;38,32;9;13;
438;Manu Dibango;Soul Makossa;Soul/ Jazz/ Blues;36,19;8,25;10,3;
439;Access To Arasaka;Void;IDM/ Industrial;55,16;9;13;
440;Proleter;Life Playing Tricks;Eletroswing/ Nu Jazz/ Hip Hop;28,42;10;2,3;2,3
441;Silent Drive;Love Is Worth It;Post Hardcore;32,04;10;4;
442;Oh Sees;Face Stabber;Rock Progressivo;80,51;9,75;5;5,1
443;Shing02;400;Hip Hop/ J Rap;79,39;10;2;2,1
444;Orange Goblin;Time Travelling Blues;Sludge Metal;47,22;8,75;1;1,9
445;Jay Eletronica;A Written Testimony;Hip Hop/ Rap;39,45;9,9;2;2,1
446;Lorn;Remnant;Witch House/ Industrial;33,02;10;13;
447;Los Pamperos;Amenec° Bebiendo;Salsa;42,54;10;13;
448;Raison D'“tre;The Empty Hollow Unfolds;Ambiente/ Industrial;48,01;8;13;
449;Monsieur Camembert;Selftitled;Gypse Jazz;48,56;9;3;
450;The Tango Saloon;Transylvania;Tango/ Experimental;51,14;9,75;13;
451;Converter;Exit Ritual;Industrial;75,12;9,9;13;
452;Sam Gendel & Sam Wilkes;Music For Saxofone &  Bass Guitar;Jazz;32,47;10;3;
453;Skaen;Violence Begets Violence;Witch House;36,42;7,5;13;
454;Parallel Worlds;Obsessive Surrealism;Ambiental/ Industrial;63,32;9;13;
455;The Black Angels;Passover (Light In The Attic);Psychedelic Rock;58,49;8,25;5;
456;Gramatik;Street Bangerz #1;Nu Jazz/ Funk/ Hip Hop;50,48;10;2,3;2,3
457;Kammarheit;Kollektionen;Ambiente;77,38;6,75;13;
458;Funkero;Poesia Marginal Pt. 2: Criminologia;Hip Hop/ Rap;33,31;8,25;2;2,1
459;Ghost Iris;Blind World;Djent/ Metalcore;38,04;7,5;1;
460;Sons Of Kemet;Your Queen Is A Reptile;Jazz;55,15;9;3;
461;Teto Petro;Pedra Preta;Experimental;42,09;9,9;13;
462;Klaus Shulze;The Cello;Neocl†ssico/ Experimental;78,44;10;13;
463;Autumn Nostalgie;Esse Est Percipi;Post Black Metal;45,13;8,25;1;1,8
464;Paulo CÇsar Pinheiro;Capoeira De Besouro;Samba/ Capoeira;57,34;10;7;
465;Posada;Selftitled;Pop/ Rock;30,08;6;7;
466;Godspeed You! Black Emperor;F# A#;Post Rock;63,28;9,5;5;5,2
467;Static X;Start A War;Industrial Metal;40,32;9,9;1;1,9
468;Vondkreistan;Maniac;Industrial;14,08;10;13;
469;Hidetake Takayama;Right Time + Right Music;Nu Jazz;66,42;10;3;
470;Re:Plus & Hidetake Takayama & Robert de Boron;New Age Of Beats;Nu Jazz;59,00;9,9;3;
471;Nujabes;Modal Soul;Nu Jazz/ Hip Hop/ Rap;63,33;10,1;2,3;2,3
472;Carpenter Brut;EP II;Synthwave;25,59;8,5;11;
473;Powerwolf;Blessed And Possessed;Gothic/ Power Metal;45,50;9,75;1;1,9
474;The Protomen;Act II - The Father Of Death;Opera Rock;57,25;10,1;5;
475;Iris;Your Friendship Means So Much To Me;Nu Jazz;50,07;10,1;2,3;2,3
476;Kon Dor;For Real;Trap/ Rap;22,54;8,25;2;
477;Book Of Black Earth;The Cold Testament;Black Metal;36,28;9,9;1;1,8
478;Nils Frahm;All Melody;Neocl†ssico;74,00;9,5;13;
479;Akira Yamaoka;Silent Hill: The Room;Soundtrack;73,06;10;12;
480;La M†quina Cinem†tica;M£sica Para Pantallas Vac°as;Jazz;52,33;10;3;
481;Leprous;Tall Poppy Syndrome;Progressive Metal;63,05;9,25;1;1,3
482;Max Ritcher;Vivaldi, Four Seasons Recomposed;Neocl†ssico;60,19;8,25;13;
483;Crystal Castles;Selftitled;Synthpop;51,43;8,25;11;
484;Rainbow;Bent Out Of Shapes;Heavy Metal;40,51;8,5;1;1,9
485;Beltez;A Grey Chill And Whisper;Black Metal;65,08;8,75;1;1,8
486;Stormkeep;Galdrum;Melodic Black Metal;32,38;7,75;1;1,8
487;S¢lstafir;‡tta;Doom/ Black Metal;58,27;8,25;1;1,8
488;Dinosaur Pile Up;Eleven Eleven;Sludge/ Stoner/ Post Hardcore;43,37;8,5;4;
489;Akhlys;Melinoe;Black Metal;46,06;9,75;1;1,8
490;Emptiness;Not For Music;Black Metal;41,42;9,9;1;1,8
491;Black Crown Initiate;Violent Portraits Of Doomed Escape;Melodic/ Progressive Death Metal;50,22;10;1;1,3
492;Molassess;Through The Hollow;Progressive Metal;64,51;8,5;1;1,3
493;Panzerfaust;The Suns Of Perdition: Chapter 2: Render Unto Eden;Black Metal;44,02;6,75;1;1,8
494;Orbit Culture;Nija;Melodic Death Metal;50,45;9,75;1;1,1
495;Crippled Black Phoenix;Ellengaest;Post Metal;50,52;7,25;1;1,9
496;Theodor Bastard;Vetvi;Folk/ Tribal House;49,48;8;13;
497;The Devil's Blood;The Thousandfold Epicentre;Psychedelic Rock/ Heavy Metal;73,59;10;1,5;5,1
498;Mors Principium Est;Seven;Melodic Death Metal;52,02;7;1;1,1
499;Blazo;Colors Of Jazz;Nu Jazz;59,21;10;3;2,3
500;CÇU;CÇU;Trip Hop/ Dub;50,53;9,9;6,7;
501;Black Narcissus;Where The Flowers Grant You Wishes;Post Rock;53,11;8,75;5;5,2
502;Iapetus;The Body Cosmic;Progressive Death Metal;70,19;8,75;1;1,3
503;Essence Of Datum;Spellcrying Machine;Progressive Metal;40,13;8,5;1;1,3
504;Message To Bears;Departures;Post Rock;41,21;8;5;5,2
505;Uada;Cult Of A Dying Sun;Melodic Black Metal;56,02;6,75;1;1,8
506;Cult Of Luna;A Dawn To Fear;Atmosferic Black Metal;79,11;7,25;1;1,8
507;Andy Gillion;Neverafter;Progressive Metal;53,04;8,25;1;1,3
508;Electric Octopus;Driving Under The Influence Of Jams;Progressive Rock;233,22;10;5;5,1
509;LIK;Misanthropic Breed;Melodic Black Metal;39,34;8,75;1;1,8
510;Villagers Of Ioannina City;Age Of Aquarius;Progressive Rock;65,60;7,75;5;5,1
511;Hades;OST;Soundtrack;129,43;9,9;12;
512;Igorrr;Nostril;Breakcore;43,09;10;4;
513;Gaerea;Limbo;Black Metal;51,47;9,25;1;1,8
514;Ulvesang;The Hunt;Neo Folk;45,59;8,5;8;
515;Sylvaine;Atoms Aligned, Coming Undone;Post Black Metal;42,17;8,5;1;1,8
516;Clowcore;Toilet;Breakcore;13,14;10,1;4;
517;Yeah Yeah Yeahs;Is Is EP;Indie Rock;16,38;7,5;5;
518;Duran Duran;The Wedding Album;Pop;61,41;6,5;13;
519;Machine Girl;WLFGRL;Breakbeat/ IDM;42,52;9,9;13;
520;Ghostemane;Anti-Icon;Trap/ Nu Metal;36,26;10;1;1,9
521;Nero Di Marte;Immoto;Progressive Metal;67,12;9,25;1;1,3
522;Beats Antique;Blind Threshold;Folk/ Eletroswing;58,12;9,9;2,38;2,3
523;The Great Old Ones;Cosmicism;Melodic Black Metal;49,56;8;1;1,8
524;Acryl Madness;Segments;Synthwave;33,10;7,5;11;
525;Kidanevil;My Little Ghost;Glitch/ Downtempo;46,49;9;13,6;
526;Shigeto;No Better Time Than Now;Glitch/ Downtempo;52,24;9,25;13,6;
527;Nim Sadot;Nim Quartet;Jazz;46,25;10;3;
528;Bong Ra;Antediluvian;Industrial/ Experimental;33,52;8,25;13;
529;Mavorim;Aasfresser;Black Metal;54,43;6,5;1;1,8
530;????? (STADT);????? (Scum);Synthwave/ Industrial;36,14;9,9;11;
531;VariuZ;No Final Tudo Acaba Em Rima;Hip Hop/ Rap;66,41;7,75;7,2;
532;Munhoz & Prf. M. Stereo;Beats & Rimas Vol. 1;Hip Hop/ Rap;71,43;8,5;7,2;
533;Daisuke Tanabe;Before I Forget;Glitch/ Downtempo;52,43;10;13,6;
534;Kidanevil & Daisuke Tanabe;Kidsuke;Glitch/ Downtempo;46,27;9,25;13,6;
535;Flying Lotus;1983;Glitch/ Downtempo;33,58;7,75;13,6;
536;Yutaka Minobe;Rule Of Rose OST;Soundtrack;33,18;10;12;
537;Dated;Ill Advised Records Junji Ito;Lo-Fi;34,59;10;2;2,2
538;Into The Tide;Aux Vies ArrachÇes;Post Black Metal;28,44;8;1;1,8
539;NiLL;Regina;Hip Hop/ Rap;39,36;8;7,2;
540;Ryusenkei;City Music;Jazz/ Funk/ City Pop;34,10;9,9;3,9;
541;Melankoli;Wind;Atmospheric Black Metal;43,40;9,25;1;1,8
542;Old Growth;Mossweaver;Post Black Metal;53,40;9,5;1;1,8
543;Chaos Echoes;Tone Of Things To Come;Doom Metal;39,24;9,5;1;1,7
544;The Black Keys;El Camino;Indie Rock;38,26;7,75;5;
545;Mass Of Fermenting Dregs;World Is Yours;Math Rock;22,14;9,9;5;
546;2 Mello;Memories Of Tokyo-To;Nu Jazz/ Eletroswing/ Hip Hop/ Rap;55,58;10;2,3;2,3
547;Sewerslvt;Drowning In The Sewer;Breakbeat;85,17;9;13;
548;Moe Shop;Owarini Liveshow Tokyo;Future Bass;46,23;9;13;
549;Night Tempo;Pure Baby Maker;Future Funk;40,21;9,5;9;
550;Breezewax;Aeroporto;Nu Jazz/ Downtempo;29,01;11;2,3;
551;Wolfheart;Wolves Of Karelia;Melodic Death Metal;40,44;7,25;1;1,1
552;Hiatus Kaiyote;Choose Your Weapon;Jazz/ Funk/ Soul;69,12;9,9;3,9;
553;Tumblack;Selftitled;Afrobeat/ Funk;30,27;7,25;13,9;
554;Beirut;Lon Gisland;Pop;15,18;7;13;
555;Manuel Gottsching;E2-E4;Minimalista/ Experimental;58,39;10;13;
556;Yantra de Vilder;Oceania: The Promise Of Tomorrow;Minimalista/ Experimental;52,10;8;13;
557;Erik Wollo;Traces;Ambiente;42,23;9,25;13;
558;Windows96;Enchanted Instrumentals And Whispers;Vaporwave;39,59;9,9;13;
559;Hongjun Lyu;The Legend Of The Dragon;Folk Chinàs;42,29;7,75;8;
560;Brian Eno;Compact Forest Proposal;Ambiente/ Experimental;47,55;7;13;
561;Black Tongue;Nadir;Doom/ Black Metal;44,09;10;1;1,7
562;Clock DVA;Man Amplified;Eletronic/ Experimental;55,02;7,75;13;
563;Deux Filles;Silence & Wisdom;Ambiente/ Experimental;42,51;10;13;
564;Slift;Ummon;Progressive/ Sludge Metal;72,11;8,25;1;1,6
565;Aversions Crown;Tyrant;Technical Deathcore;42,48;8,5;4;4,2
566;Sold Soul;Into The Mouth Of Hell;Black/ Deathcore;40,37;8,5;4;4,2
567;1200 Micrograms;1200 Mic's;Psytrance;61,33;10;13;
568;Lostprophets;The Fake Sound Of Progress;Nu Metal;49,54;6,75;1;1,2
569;Charles Bradley;No Time For Dreaming;Funk/ Soul;42,00;9;9;
570;Sworn In;The Death Card;Metalcore;39,32;6;1;1,4
571;Psyqui;Non-Stop Collection Vol. 1;Future Bass;64,37;9;13;
572;Malaa;Illegal Mixtape Vol. 3;House;28,17;8;13;
573;Sick Puppies;Tri-Polar;Post-Grunge/ New Metal;42,30;9,5;1;1,9
574;Shrine Of Malice;Sheol;Black/ Deathcore;68,33;7,75;1;1,8
575;Brass Against;Selftitled;Ska/ Cover;44,18;10;13;
576;Blastoyz;Heal The World;Psytrance;21,19;7,25;13;
577;VA-11 HALL-A;Second Round;Soundtrack;108,58;8;12;
578;Flash;Depuis Minot;Trap;16,29;8;2;
579;NaÉman;Rays Of Resistence;Reggae;59,51;7,25;13;
580;Takashi Yoshimatsu & Erik Satie;Crystal Dream;Neocl†ssico;67,41;9,9;13;
581;Fall Of The Idols;Solemn Verses;Doom Metal;55,43;7;1;1,7
582;Cyberghost;Strange Times In Elderfield;Synthwave;35,25;8,5;11;
583;Nanae Yoshimura;The Art Of Koto Vol. 1;Folk/ Koto;54,50;7,25;8;
584;Lindemann;F & M;Industrial Metal;54,32;8,75;1;1,9
585;Bigwave;Lonely Girl;Future Funk;28,09;8,25;9;
586;Saint Pepsi;Hit Vibes;Vaporwave/ Future Funk;36,19;9;9;
587;Asbestoscape;Selftitled;Industrial/ Post Rock;34,31;11;13;
588;Bow Church;The Spirits In This Forest Are Older Than Your Gods;Witch House;36,02;9,9;13;
589;Zacht Automaat;Normality Bias;Experimental;38,15;8;13;
590;Pharoah Sanders;Harvest Time;Jazz;20,16;9,25;3;
591;Carl Didur;Is It Yesterday;Jazz/ Experimental;31,27;9,9;3;
592;MACROSS 82-99;A Million Miles Away;Future Funk;25,27;10;9;
593;Dead Or Alive;Youthquake;Pop;37,12;6,25;13;
594;Fear Factory;Concrete;Industrial/ Black Metal;41,42;8,5;1;1,9
595;Ghostkid;Selftitled;Alternative Metal;39,42;9,75;1;1,9
596;Until The Dead Walk;No Music, Just Violence;Hardcore;24,02;6;4;4,1
597;The Latin Brothers;Em Su Salsa;Salsa;59,24;8,25;13;
598;509-E;ProvÇrbios 13;Hip Hop/ Rap;56,54;11;7,2;2,1
599;Steve Legget;Bathhouse;Ambiente;59,13;7;13;
600;Kohachiro Miyata;Shakuhachi;Folk/ Shakuhachi;34,18;8,75;8;
601;Devin Townsend;Transcendence;Progressive Metal;60,00;5,5;1;
602;Vàtu De Noir;A.T.E.R. Luxifer;Synthwave/ Industrial;62,26;11;11;
603;Mascarpone;Video Club;Synthwave/ Industrial;17,33;9;11;
604;Oliver Koletzki;After Berlin Closes;Techno;65,08;8;13;
605;Rompasso;Breath Of Memories;House;29,24;9;13;
606;Max Brhon;Cyberpunk Mix;Synthwave;25,39;8,5;11;
607;Lazerpunk;Covenant;Synthwave;17,53;8,75;11;
608;Jerry Goldsmith;The Omen;Soundtrack;35,02;9,9;12;
609;Louis Cole;Album 1;Indie;33,54;9,75;13;
610;Knower ;Think Thoughts;Jazz/ Experimental;30,12;9,9;3;
611;Thundercat;Drunk;Jazz/ Funk;51,36;10;3,9;
612;Sabotage;Selftitled;Hip Hop/ Rap;51,06;8,75;7,2;
613;Infected Unicorn;Selftitled;Witch House;31,06;9;13;
614;Afro Cuban Jazz Project;Descarga Uno;Jazz/ Salsa;54,3;10,1;3;
615;The Left Hand Of Creation;Selftitled;Witch House;33,48;8,5;13;
616;Halfmassed;Downer;Witch House;35,48;10;13;
617;Blvck Ceiling;Magna Carta;Witch House;28,31;10;13;
618;Crow Cvlt;When They Find Us;Techno;51,06;7,75;13;
619;Valhall;Shadow Tales;Witch House/ Industrial;56,05;9,9;13;
620;Daliborovo Granje;Hainin;Progressive Rock;47,29;9,25;5;5,1
621;Suizid;Wo Trauer Niemals Endet;Black Metal;24,18;6,5;1;1,8
622;Triptykon;Melana Chasmata;Doom Metal;67,24;8,5;1;1,7
623;Plastic Patina;Thoughts In The Rain;Lo-Fi;16,24;9,9;2;2,2
624;Antonin Dvorak;Requiem;Cl†ssica;104,26;9,75;13;
625;Higher Intelligence Agency & Pete Namlook;S.H.A.D.O;Experimental/ Eletronica;65,27;9;13;
626;Henryk Wieniawski;Opus 14-22/ Outras Composiá‰es;Cl†ssica;195,18;11;13;
627;Sunn O)));Black One;Ambiente/ Industrial;67,11;9,5;13;
628;La Caution;Peines De Maures/ Arc-en-ciel Pour Daltoniens;Hip Hop/ Rap;118,18;8,25;2;2,1
629;El Jazzy Chavo;Aspects Of Dystopia;Nu Jazz;44,23;9;2;2,3
630;Emapea;Seeds, Roots & Fruits;Hip Hop;52,46;8;2;
631;Killing Joke;Pylon;Rock/ Industrial;47,30;9,9;5;
632;RZO;Selftitled;Hip Hop/ Rap;66,42;9,9;7,2;2,1
633;Vietn∆;AtÇ Aqui;Hip Hop/ Rap;34,02;9,9;7,2;2,1
634;Rato & Ralph;A Rima ê ÷m∆;Hip Hop/ Rap;40,40;9,9;7,2;2,1
635;Yotam Perel;Hills And Homes;Post Rock/ Indie;39,27;9,9;5;5,2
636;Heilung;Lifa;Neofolk;75,25;11;8;
637;Dark New Day;Twelve Year Silence;Post Grunge;45,20;8,25;13;
638;Duda Beat;Sinto Muito;Reggaeton?;37,08;9;7;
639;OVXX;How To Try;Lo-Fi;8,39;8,75;2;2,2
640;Do Protesto ∑ Resistància;Filosofia De Rua;Hardcore;38,06;9;7,4;4,1
641;Grilo 13;Calado J† T† Errado;Hip Hop/ Rap;58,24;10;7,2;2,1
642;Captain Supernova;The Voyage Never Ends;Funk/ Jazz;48,12;8,25;9,3;
643;Zoe Blade;Switcher-On Marx;Experimental/ Eletronica;30,30;8,25;13;
644;Charlie Parker;Bird And Diz;Jazz;24,40;9,9;3;
645;S°ntese;Sem Cortesia;Hip Hop/ Rap;73,48;9;7,2;2,1
646;Pense;Realidade, Vida e FÇ;Hardcore;32,00;9,9;7,4;4,1
647;Roterdan;Entre O Acaso E O Destino;Post Hardcore;44,00;9,9;7,4;4,1
648;Ill Considered;Live In Nantes;Jazz;60,59;10;3;
649;Samuca E A Selva;Madurar;Ska;51,22;9,9;13;
650;Fall Of The Bastards;Dusk Of An Ancient Age;Black Metal;48,34;9,75;1;1,8
651;Jungle;For Ever;Indie Pop;48,18;8,25;13;
652;Mfakka & S I M;Midnight Manifesto;Lo-Fi;14,35;9;2;2,2
653;Sleepdealer;Homesick;Lo-Fi;27,38;9;2;2,2
654;Santagrama;Mais Um Dia;Reggae;30,32;9,9;7;
655;Haikaiss;Incognito Orchestra;Hip Hop/ Rap;75,40;9,5;7,2;2,1
656;Jack DeJohnette's Directions;Cosmic Chicken;Jazz;44,16;10;3;
657;Tribalistas;Selftitled;MPB;40,42;9,75;7;
658;Acute;Satsujinyokoku;Hardcore/ Punk;15,41;10;4;4,1
659;Azarashi;Ujimusi No Fukusyuu;Hardcore/ Punk;15,38;10;4;4,1
660;Jun Fukamachi;Quark;Jazz Fusion;42,44;9,9;3;
661;Lift;Caverns Of Your Brain;Rock Progressivo/ PsicodÇlico;37,24;8,75;5;5,1
662;The Cardigans;Gran Turismo;Rock Alternativo/ Pop;42,33;9,9;5;
663;Shaolin Afronauts;Flight Of The Ancient;Jazz Fusion/ Funk;45,26;9,9;3;
664;Lucas Lecacheur;00 00 00 00;Vaporwave;37,53;8,25;13;
665;Spin;Selftitled;Jazz Fusion;38,36;9,9;3,5;
666;Èltima Danáa;A Danáa do Tempo;Post Punk;24,12;9,9;13,7;
667;Kafka;Musikanervosa;Post Punk;24,42;7,5;13,7;
668;Drei Hexen;O Morcego;Post Punk;9,42;9,9;13,7;
669;Matrix;Harvest;Jazz Fusion;41,33;10,5;3;
670;Creative Rock;Gorilla;Jazz Fusion/ Rock Progressivo;42,27;9,5;3,5;
671;Madcon;It's All A Madcon;Hip Hop/ Rap;61,00;8,25;2;2,1
672;Cyrille Verdeaux;Moebius;Neocl†ssico/ Experimental;57,21;10,5;13;
673;Horrorshow;King Amongst Many;Hip Hop/ Rap;66,12;8,75;2;2,1
674;Badbadnotgood;BBNG2;Jazz/ Experimental;61,10;11;3;
675;Gysklar;Oh Good It's Raining;Experimental;64,08;11;8;
676;Ngenelkelen;Atemporal;Rock Progressivo;20,22;9,9;5;5,1
677;Funkmammoth;Es Tas South;Lo-Fi;42,00;8,5;2;2,2
678;Prism III;Polydor;Jazz Fusion;50,06;9,25;3;
679;John Zorn;Mount Analogue;Jazz Fusion/ Experimental;38,23;10,5;3;
680;Mac DeMarco;Salad Days;Indie Rock;31,21;8,75;5;
681;Piero Umiliani;To-Day's Sound;Jazz Fusion/ Funk;76,21;8,25;3,9;
682;Charles Mingus;The Clown;Jazz;56,58;8;3;
683;Bill Frisell;History, Mystery;Jazz/ Experimental;90,46;10;3;
684;Vashti Bunyan;Just Another Diamond Day;Folk;31,30;9;8;
685;Saib.;Ipanema;Nu Jazz;17,39;10,75;2,3;2,3
686;Aver & Move;The Algorithm Smiles Upon You;Jazz/ Funk;32,53;9;3,9;
687;Saib.;Bebop;Nu Jazz;48,10;10;2,3;2,3
688;Karolina Cicha & Palyga;Tatarska;Folk;41,36;10,25;8;
689;Panthurr;Adventures Vol.1;Eletroswing/ Nu Jazz/ Hip Hop;24,00;10,1;2,3;2,3
690;Smokedbeat;The Jazz Jousters Sessions #1;Nu Jazz/ Hip Hop;45,48;10,1;2,3;2,3
691;Soulchef;Remember When;Hip Hop/ Rap;32,12;10,1;2,3;2,1
692;Jazzquarterz & El Jazzy Chavo;Street Aesthetics;Nu Jazz/ Hip Hop;38,24;9,75;2,3;2,3
693;Tajima Hal;Tones;Nu Jazz;52,34;9,75;2,3;2,3
694;Odjbox;Swamp Stomp;Eletroswing;28,24;10,25;2,3;2,3
695;Moebius & Renziehausen;Ersatz;Eletrìnica/ Experimental;56,00;10,9;13;
696;Space Debris;Phonomorphosis;Rock Progressivo;78,30;9,9;5;5,1
697;Pyramid;Mind Maze;Stoner/ Rock Progressivo;43,37;8;5;5,3
698;Kanonenfieber;Menschenmuhle;Black Metal;50,41;10;1;1,8
699;Roedelius;Jardin Au Fou;Experimental;64,04;10,1;13;
700;Monomyth;Orbis Quadrantis;Rock Progressivo;40,30;8,5;5;5,1
701;Blackbird Raum;False Weavers;Folk Punk;40,09;9,9;8;
702;Cluster;Qua;Eletrìnica/ Experimental;54,50;9,9;13;
703;The Devil Makes Three;Selftitled;Folk/ Country/ Bluegrass;43,10;10;8;
704;Bar Kokhba Sextet;Lucifer: Book Of Angels Vol. 10;Jazz Fusion;54,46;10,25;3;
705;Clyde And The Milltailers;Selftitled;Folk/ Punk/ Bluegrass;30,54;7,5;8;
706;Shiva The Destructor;Find The Others;Metal Progressivo/ PsicodÇlico;44,35;9,5;1;1,3
707;Sun Crow;Quest For Oblivion;Doom Metal;70,28;8;1;1,7
708;DBUK;Songs One Through Eight;Dark Country;41,06;7,5;13;
709;Sleep;Holy Mountain;Stoner Metal;58,11;9,25;1;1,6
710;Blackgrass;Hope;Folk/ Dark Country/ Bluegrass;56,14;8,75;8;
711;Munly & The Lupercalians;Selftitled;Folk/ Dark Country/ Bluegrass;47,48;9,9;8;
712;Jay Munly;Jimmy Curter Syndrome;Dark Folk;69,00;10,1;8;
713;My Pizza My World;Eat It!;Bluegrass Punk/ Folk;21,03;9;8;
714;Atrocity Solution;Lost Remedies;Ska Punk;63,24;9;13;
715;Rail Yard Ghosts;Blackgrass;Bluegrass Punk/ Folk;50,40;9,75;8;
716;IAH;III;Doom Metal;55,02;10;1;1,7
717;Urfaust;Compilation Of Intoxications;Black Metal/ Experimental;44,02;11;1;1,8
718;Blackgrass Gospel;Selftitled;Bluegrass;31,06;7;8;
719;Murder By Death;Like The Exorcist But More Like Breakdancing;Post Rock;37,36;8,75;5;5,2
720;Burton, Corea, Metheny, Haynes & Holland;Like Minds;Jazz;68,23;9,25;3;
721;Bruton Music;Soft Illusions;Jazz Fusion;44,20;9,75;3;
722;Spectral Wound;A Diabolic Thirst;Black Metal;40,15;9,25;1;1,8
723;Maurice Brown;The Mood;Jazz;62,11;9;3;
724;Haruka Nakamura;Still Life;Instrumental;54,22;10;13;
725;We The Heathens;Selftitled;Folk Punk;45,11;9,9;8;
726;Aoratos;Gods Without Name;Black Metal;44,50;7;1;1,8
727;Spyro Gyra;Carnaval;Jazz Fusion;40,05;10;3;
728;Orquestra Ritmo De S†banas;El Pechug¢n;Salsa;25,12;8,5;13;
729;Made In M & Walterwarm;Fungus;Lo-Fi;39,54;9;2;2,2
730;Deodato;First Cuckoo;Funk;40,16;8;9;
731;Jan Jelinek;Loop Finding Jazz;Glitch/ Techno Minimalista;51,56;8;13;
732;Naked City;Radio;Free Jazz/ Breakcore/ Metal Progressivo;57,21;10,5;3;
733;Fire On Fire;The Orchard;Country/ Folk;62,18;8,25;8;
734;Macintosh Plus;Floral Shoppe;Vaporwave;38,15;10;13;
735;Devon Lamarr Organ Trio;I Told You So;Jazz/ Funk;41,29;10;3,9;
736;Ryusenkei;Tokyo Sniper;Jazz Fusion;46,40;8;3;
737;Born Idiot;Full Time Bored;Indie;40,00;7;13;
738;L'ImpÇratrice;Tako Tsubo;Jazz Fusion;48,15;10;3;
739;The Data Waves;Revolution;Jazz Fusion/ Funk/ Dub;28,45;8,25;3,9;
740;Meltt;Swim Slowly;Indie;40,32;7;13;
741;Keygen Church;In Absentia Lucis Tenebrae;"Synthwave/ ""G¢tico""";60,35;8;11;
742;Cultifact;Worshipers;Post Metal Progressivo;25,25;8,5;1;1,3
743;La Femme;Paradigmes;Pop Rock;53,55;7,25;5;
744;Black Marble;A Different Arrangement;Synth Pop;37,08;8;11;
745;Iliad;Sapphire House;Jazz/ Funk;45,16;9,9;3,9;
746;El Kanka;El D°a De La Suerte De Juan G¢mez;Pop/ Folk;48,06;8,75;13;
747;Masayoshi Takanaka;All Of Me;Jazz Fusion;71,40;8,5;3;
748;Kollektiv;Selftitled;Kraustrock/ Jazz Fusion;68,54;8,75;3;
749;Tokyo Green;Save Your Speeches;Jazz Fusion;44,22;8,75;3;
750;Mephorash;Shem H† Mephorash;Black Metal;74,03;9,25;1;1,8
751;Poolside;Contact High Mixtape;Chillwave/ Eletrìnico;60,31;8,75;13;
752;Lamb Of God;Selftitled;Death Metal/ Hardcore;44,47;8,5;1;1,9
753;Septicflesh;Communion;Symphonic Death Metal;38,12;8,5;1;1,9
754;Still Corners;Slow Air;Indie;40,43;7,25;13;
755;Mudvayne;Lost And Found;Alternative Metal;54,00;9,9;1;1,9
756;Gojira;Fortitude;Death Metal;54,24;9,9;1;1,9
757;Awon & Phoniks;Knowledge Of Self;Hip Hop/ Rap;54,00;10;2;2,1
758;Radio Juicy;The Chronic;Nu Jazz/ Hip Hop;107,00;10;2,3;2,3
759;Frente Bolivarista ;Vol. 4 Nìmades;Trip Hop/ Chill House;79,19;10,1;6;6,2
760;Health;Vol. 4 Slaves Of Fear;Witch House;31,00;8;13;
761;White Noise Black Void;Reject;Trip Hop/ Hip Hop;22,51;10,5;6;6,1
762;Dated;The Weather Channel 2;Lo-Fi;57,00;11;2;2,2
763;John Zorn, Mike Patton & Ikue Mori;Hemophiliac;Free Jazz;63,11;8,25;3;
764;Babes In Toyland;Spanking Machine;Punk;36,12;9;4;
765;Churupaca;Selftitled;Salsa/ Tango?;51,12;10;8;
766;Grover Whashington Jr;Mister Magic;Jazz/ Funk;33,08;9,75;3,9;
767;Moda & Dan;Thäse/ Anti-Thäse;Hip Hop/ Rap;63,44;10;2;2,1
768;Soko;I Thought I Was An Alien;Indie;45,07;9,9;13;
769;Lemon Demon;Spirit Phone;Synthpop/ New Wave;103,24;10,1;11;
770;érsenik;Le Meilleur De L'érsenik;Hip Hop/ Rap;37,18;9,9;2;2,1
771;Wardruna;Ragnarok;Folk;50,59;7;8;
772;Oxmo Puccino;L'Amor Est Mort;Hip Hop/ Rap;71,31;10,1;2;2,1
773;ôzgÅr Baba, Gîkáe Es & Briken Aliu;HemhÉl Ol'anlar;Folk;108,46;10,1;8;
774;Nubya Garcia;Nubya's 5ive;Jazz;48,15;10;3;
775;Black Pistol Fire;Look Alive;Indie Rock;40,02;9,5;5;
776;Torch Runner;Endless Nothing;Grindcore;22,11;8;4;4,2
777;Hilltop Hoods;Drinking From The Sun;Hip Hop/ Rap;45,30;9,9;2;2,1
778;Eos;The Great Ascension;Black Metal;34,54;9,9;1;1,8
779;Spiritbox;Selftitled;Djent/ Metal progressivo;29,33;10;1;1,5
780;The Devil Wears Prada;The Act;Metalcore;40,42;7,25;1;1,4
781;Mark Feldman & Sylvie Courvoisier;Book Of Angels Vol. 3 Malphas;Neocl†ssico;46,55;11;13;
782;Shin-Ski;Planetarium;Nu Jazz;51,26;11;2;2,3
783;Opeth;Damnation;Metal Progressivo;43,31;10,1;1;1,3
784;Chet Baker Quartet;No Problem;Jazz;51,41;9;3;
785;Transistor;OST;Soundtrack;72,52;10;12;
786;Dirtythree;Street Sketches;Nu Jazz/ Hip Hop;35,00;8,75;2;2,3
787;Dead Fish;Zero E Um;Hardcore;37,27;10;4;4,1
788;Resolved Dissonance;Never Been;Nu Jazz/ Hip Hop;29,05;10;2;2,3
789;Cyne;Time Being (Deluxe Edition);Nu Jazz/ Hip Hop/ Rap;91,30;10,25;2;2,3
790;Hail The Villain;Population Declining;Alternative Metal;42,54;10;1;1,9
791;Three Days Grace;One-X;Alternative Metal;39,20;9,9;1;1,9
792;Nomak;Dynamic Meditation;Nu Jazz/ Hip Hop;43,01;10,1;2;2,3
793;Kondor;Peace Of Soul;Nu Jazz/ Hip Hop;50,00;10,1;2;2,3
794;Black Alien;Ano Do Macaco;Hip Hop/ Rap;43,30;10,1;7,2;2,1
795;Shiki;OST;Soundtrack;71,21;10,5;12;
796;KRBL Rebel Radio;Selftitled;Hip Hop/ Rap;52,16;10;2;2,1
797;Nieve;Playback;Hip Hop/ Rap;53,06;10;2;2,1
798;Michita;Dawning;Nu Jazz;67,14;11;2;2,3
799;Bastion;OST;Soundtrack;61,00;10;12;
800;Furi;OST;Soundtrack;93,12;8,75;12;
801;Gangrena Gasosa;Gente Ruim S¢ Manda Lembranáa Pra Quem N∆o Presta;Sarava Metal/ Death Metal;33,42;9,9;7,1;1,9
802;Koma;Le RÇveil;Hip Hop/ Rap;61,34;10,1;2;2,1
803;Imminence;Turn The Light On;Melodic Deathcore;54,12;9,5;1,4;1,4
804;Yin Yin;The Rabbit That Hunts Tigers;Funk Fusion;43,46;9;9;
805;Bonobo;Black Sands;Trip Hop;53,20;10,25;6;6,1
806;Mark Feldman, Sylvie Courvoisier & Ned Rothenberg;In Cahoots;Neocl†ssico;62,35;10,75;13;
807;Emancipator;Dusk To Dawn;Trip Hop;44,22;9,75;6;6,1
808;Wolfgang Haffner;Kind Of Cool;Jazz;60,04;9,75;3;
809;Vinnie Paz;Burn Everything That Bears Your Name;Hip Hop/ Rap;69,41;8;2;2,1
810;The Bridge City Sinners;Selftitled;Bluegrass/ Punk;27,00;10;8;
811;Massive Attack;Mezzanine;Trip Hop;63,46;10,1;6;6,2
812;Air;Moon Safari;Trip Hop;43,47;9,9;6;
813;Erik Jackson;Almost Dark;Nu Jazz;40,19;10,1;2,3;2,3
814;Pertubator;Lustful Sacraments;Synthwave/ Post Punk/ Industrial;46,53;10;11;
815;Rise Against;Nowhere Generation;Post Hardcore;38,00;6,5;4;4,1
816;Of Mice And Men;Bloom & Timeless Eps;Post Metalcore;25,06;10;1;1,4
817;Bloodborne;OST;Soundtrack;108,32;10;12;
818;Raujika;Lost Imagination;Nu Jazz;39,24;10,1;2,3;2,3
819;De De Mouse;Nulife;Nu Jazz/ Future Bass;37,18;10,25;2,3;2,3
820;Serph;Plus Ultra;Nu Jazz/ Progressivo/ Future Bass;61,42;10,25;2,3;2,3
821;King Crimson;In The Court Of King Crimson;Rock Progressivo;67,44;10,25;5;5,1
822;Pendulum;Hold Your Colour;Drum n' Bass;76,27;8;13;
823;Crypt Of The Neurodancer;OST;Soundtrack;117,09;9;12;
824;Kashiwa Daisuke;Re:RED;Breakbeat;69,31;8;13;
825;Ayur;Beautiful Field;Nu Jazz;35,30;10,5;2,3;2,3
826;The Prodigy;The Day Is My Enemy;Drum n' Bass/ Breakbeat;60,28;8;13;
827;Porcupine Tree;Deadwing;Metal Progressivo;59,42;10,1;1;1,3
828;Ned Rothenberg;Intervals;Jazz;115,42;9,9;3;
829;Dark Souls;OST;Soundtrack;99,05;9,9;12;
830;Animal As Leaders;Selftitled (Encore Edition);Metal Progressivo/ Djent;66,01;9;1;1,3
831;Depeche Mode;Violator;Synthpop;42,06;8,75;11;
832;MHz;Table Scraps;Hip Hop/ Rap;67,15;10;2;2,1
833;Genelec & Memphis Reigns;Scorpion Circles;Hip Hop/ Rap;69,11;10;2;2,1
834;Souls Of Mischief;Trilogy: Conflict, Climax, Resolution;Hip Hop/ Rap;66,30;8;2;2,1
835;Otso;Start Over;Glitch Hop/ Nu Jazz;38,54;10;2,3;2,3
836;MF Doom;Mm... Food;Hip Hop/ Rap;49,10;9,75;2;2,1
837;Hieroglyphics;The B-Sides Mix;Hip Hop/ Rap;56,58;8,25;2;2,1
838;Dela;Atmosphere Airlines Vol. 1;Hip Hop/ Rap;55,18;8,75;2;2,1
839;RZA;Afrosamurai;Hip Hop/ Rap;62,02;8;2;2,1
840;A June;Soul Store;Nu Jazz/ Hip Hop/ Rap;75,54;9;2;2,1
841;Diversos*;The Best Of Jazzin' For Ghibli;Nu Jazz;54,19;9,75;2,3;2,3
842;Currents;The Way It Ends;Metalcore Progressivo;38,51;9,25;1;1,4
843;Within Destruction;Yokai;Deathcore Progressivo;40,06;9;4;4,2
844;Periphery;Hail Stan;Metal Progressivo;63,34;10;1;1,3
845;Viro The Virus;Frist;Hip Hop/ Rap;21,39;9,75;2;2,1
846;Darko;Selftitled;Deathcore;44,51;9;4;4,2
847;Spectacular Diagnostics;Natural Mechanics;Nu Jazz/ Hip Hop/ Rap;25,57;9,5;2,3;2,1
848;Various;Blue Note Reimagined;Nu Jazz/ Funk;84,22;9,9;2,3;2,3
849;Deviloof;Devil's Proof;Deathcore;39,07;7,5;4;4,2
850;Annisokay;Aurora;Post Metalcore;47,59;8;1;1,4
851;Hollow Front;Loose Threads;Melodic Deathcore;41,53;9,75;4;4,2
852;In Other Climes;Leftover;Hardcore;39,20;10;4;4,1
853;Loathe;I Let It In And It Took Everything;Post Metal Progressivo;49,20;9,9;1;1,3
854;Tom Misch;Beat Tape 1;Nu Jazz/ Hip Hop;46,18;10;2,3;2,3
855;Snarky Puppy;Immigrance;Jazz Fusion;48,24;11;3;
856;Quiet;...And So It Was;Metal Progressivo;44,52;10;1;1,3
857;Niech??;?mier? W Mi?kkim Futerku;Jazz/ Freeform;39,57;10;3;
858;NES;Ahlam;Jazz Fusion/ Folk;41,43;9,9;3,8;
859;Dealer;Soul Burn;Deathcore/ Hardcore;18,39;9;4;4,2
860;Colors Unseen;Vivid;Djent/ Metal progressivo;22,30;8,75;1;1,3
861;Prefuse 73;The Failing Institute Of Season Nß2;Experimental;49,04;8,75;13;
862;Mental Cruelty;A Hill To Die Upon;Black Metal;43,19;8,5;1;1,8
863;Defamed;Aeon;Deathcore;24,12;8;4;4,2
864;Skyzoo;All The Brilliant Things;Nu Jazz/ Hip Hop/ Rap;55,50;8,75;2,3;2,1
865;Landmvrks;Lost In The Waves;Post Hardcore;31,29;9,9;4;4,1
866;LEALL;Esculpido A Machado;Hip Hop/ Rap;27,45;10;7,2;2,1
867;Presto;Magic;Nu Jazz/ Hip Hop/ Rap;61,27;9,9;2;2,1
868;Polaris;The Death Of Me;Post Metalcore;41,46;7,25;1;1,4
869;Power Trip;Nightmare Logic;Trash Metal;32,50;9;1;1,9
870;Redzed;Gerd;Trap;26,33;9;2;2,1
871;MC Solaar;Prose Combat;Hip Hop/ Rap;49,56;10;2;2,1
872;Painkiller;Execution Grounds;Jazz/ Experimental;83,42;10,5;3;
873;Ta-ku;25 Nights For Nujabes;Nu Jazz;63,12;11;2,3;2,3
874;Bugseed;E.S.T.;Nu Jazz;29,50;10,75;2,3;2,3
875;Coccolino Deep;Before Sunrise;Chill House;65,13;7;13;
876;Bsd.u;Lighter;Lo-Fi;29,41;10,75;2,2;2,2
877;Laibach;Laibachkunstderfuge;Experimental;79,28;10,5;13;
878;Laibach;Jesus Christ Superstar;Industrial/ Experimental;46,48;10,5;13;
879;Kenmochi Hidefumi;Fallicia;Jazz;50,06;10,5;3;
880;BEK;???????? ?????;Folk;40,48;10;8;
881;Kenichiro Nishihara;Diversos;Nu Jazz;216,35;11;2,3;2,3
882;Within Temptation;The Heart Of Everything;Alternative Metal;90,00;8;1;1,9
883;Chimaira;The Impossibility Of Reason;Alternative Metal;59,17;7;1;1,9
884;Dry Kill Logic;The Dead And Dreaming;Alternative Metal;37,07;9;1;1,9
885;FKJ;Ylang Ylang;Nu Jazz;19,11;8,75;2,3;2,3
886;Rahsaan Roland Kirk;Prepare Thyself To Deal With A Miracle;Jazz;43,33;9,25;3;
887;Los Espiritus;Gratitud;Funk/ Folk;47,12;8,5;9,8;
888;Rodrigo Ogi;Crìnicas Da Cidade Cinza;Hip Hop/ Rap;55,31;8;7,2;2,1
889;Glass Animals;How To Be Human;Indie;47,00;9,9;13;
890;Americam Head Charge;The War Of Art;Nu Metal;67,55;8,5;1;1,2
891;Adjacent To Nothing;Selftitled;Alternative Metal;38,28;9;1;1,2
892;Tour De Manäge;Vol. 4 The Wizards;Nu Jazz/ Trip Hop;90,47;9,75;6;6,1
893;Minus;Structure Of Simplicity;Alternative Metal;43,28;8;1;1,2
894;The Sound And The Fury;Another Stage;Alternative Metal;47,42;9,9;1;1,2
895;Tallman;Mechanism;Alternative Metal;52,55;7,75;1;1,2
896;Al'tarba;Le Cabinet Des CuriositÇs Vol. 1;Hip Hop/ Trip Hop;49,52;9,75;2,6;2,3
897;Brane;The Artificial Picture;Post Grunge;45,31;7,5;1;1,9
898;Dmanufacture;Alone I Fall;Post Grunge;44,30;7,5;1;1,9
899;Takako Mamiya;Love Trip;City Pop;41,05;10;13;
900;Gabriel Mzero;Remixes;Lo-Fi;62,00;10;2;2,2
901;Droogz Brigade;Projet Ludovico;Hip Hop/ Rap;69,03;8,25;2;2,1
902;Arvid HÑggstrîm;Celestial II;Eletrìnica/ Hip Hop/ Trap;91,18;9,9;2;
903;Potsu;Just Friends;Nu Jazz/ Lo-Fi;51,48;10;2;2,3
904;Unlike Pluto;Loud Fantasy, Quiet Reality;Pop;49,07;8;13;
905;Ctrl-Alt-Del;Selftitled;Alternative Metal;39,10;9,9;1;1,2
906;I.N.C.H. Beats;I.N.C.H.'s Nappage Nocturne;Hip Hop/ Rap;65,00;9,9;2;2,1
907;Dry Cell;Disconnected;Nu Metal;40,25;9;1;1,2
908;Five Bolt Main;Venting;Alternative/ Nu Metal;43,59;9,9;1;1,2
909;Frizzy P & Mr. Cole;Ladi Dadi;Trip Hop;14,28;10;6;6,1
910;Swallow The Sun;Moonflowers;Doom/ Gothic Metal;53,11;9;1;1,7
911;Sion;Selftitled;Metalcore;44,50;9;1;1,4
912;Sebutones;50/50 Where It Counts;Hip Hop/ Rap/ Industrial;65,43;10,1;2;6,2
913;Bad Omens;Finding God Before God Finds Me;Metalcore;42,20;10;1;1,4
914;One True God;Quarantined Mix 2020;Industrial/ Synthwave/ Trap;44,58;10;11;
915;Monodrone;Spend The Night In The City;City Pop/ Vaporwave;57,20;10,1;13;
916;Missio;Loner;Eletrìnica/ Pop;41,26;10;13;
917;Yamandu Costa, Martin Sued e Lu°s Guerreiro;Caminantes;Neocl†ssico;39,52;10,5;13,7;
918;Painkiller;Duty Freak;Psytrance;73,55;9,75;13;
919;Cable;Magic World;Industrial;18,43;11;13;
920;The Plot In You;Happiness In Self Destruction;Metalcore;61,54;8,75;1;1,4
921;Heart Of A Coward;The Disconnect;Metalcore;37,11;8,5;1;1,4
922;Azymuth;Light As A Feather;Jazz/ Funk;87,03;9,9;7,3;
923;Breathing Theory;Parasite;Metalcore;24,48;8,75;1;1,4
924;Man Man;Life Fantastic;Experimental;42,27;10;13;
925;Fractured;Only Human Remains;Syntwave/ Industrial;57,31;9;11;
926;Imbaru;Trukur;Neofolk;47,34;10;8;
927;Bestiario;Este Infierno;Neofolk/ Punk;44,43;9;8;
928;The Dead Pirates;Highmare;Stoner Rock;56,24;10,1;5;5,3
929;Bloodwood;Rakshak;Folk Metal;47,18;10,1;1,8;1,9
930;Empty;Surfacing;Eletrìnica/ Industrial;74,00;8,75;13;
931;Macroblank;Missing;Vaporwave;57,41;8,25;13;
932;Goryo;Selftitled;Folk;34,09;8;8;
933;Allegaeon;Apoptosis;Technical Melodic Death Metal;56,24;8;1;1,1
934;Sleep Token;This Place Will Become Your Tomb;Post Metalcore;52,12;9,9;1;1,9
935;Reaper;Angst;Techno;40,30;6,5;13;
936;1914;The Blind Leading The Blind;Black Metal;56,12;7,75;1;1,8
937;Origin Of Escape;Shapes;Progressive Metal;47,56;7;1;1,3
938;Jimmy Edgar;XXX;Experimental;60,38;8;13;
939;Mcbaise;Windowsill;Vaporwave;45,28;10,5;13;
940;King Gizzard And The Lizard King;Polygondwanaland;Progressive/ Stoner Rock;43,52;8;5;5,3
941;Belzebubs;Pantheon Of The Nightside Gods;Melodic Black Metal;61,44;10,1;1;1,8
942;Yuji Toriyama;Transfusion;Jazz Fusion;43,17;10;3;
943;Inferi;Of Sunless Realms;Technical Deathmetal;22,28;10,5;1;1,9
944;Exyz;Akuma;Trap;81,29;8;13;
945;White Ward;False Light;Black Metal Progressivo;66,26;10,5;1;1,8
946;Skeler;Nightdrive;Phonk/ Wave;91,21;9;13;
947;Psychonaut;Unfold The God Man;Death Metal Progressivo;69,21;10,1;1;1,3
948;Oscob;Praise The Sun God;Vaporwave/ Trip Hop;108,02;9;6;6,2
949;Modest By Default;Admissible Vol. 1;Vaporwave;58,53;9,9;13;
950;Memoria Oculta;Time Spirals;Vaporwave/ Trip Hop;37,47;10,5;6;6,2
951;The Kahil El'Zabar Quartet;A Time For Healing;Jazz;77,37;9,5;3;
952;Return To Forever;Romantic Warrior;Rock Progressivo;45,43;10;5;5,1
953;Nu Genea;Bar Mediterraneo;Jazz Fusion;31,41;10,5;3;
954;Lalalar;Bi Cinnete Bakar;Experimental;70,12;10,1;13;
955;Neptunian Maximalism;Eons;Experimental;128,05;10,1;13;
956;Otay:onii;Ming Ming;Experimental;36,54;7,5;13;
957;Idris Ackamoor & The Pyramids;Shaman!;Jazz Fusion;75,10;10,5;3;
958;Dengue Dengue Dengue;Semillero;Experimental;29,26;11;13;
959;Submotion Orchestra;The Finest Hour;Dub;65,43;8,5;13;
960;Ichiko Aoba;Windswept Adan;Folk;50,03;9,25;8;
961;Wumpscut;Embryodead;Industrial;50,19;7,5;13;
962;Sufjan Stevens;The Age Of Adz;Indie/ Pop;74,59;9;13;
963;Getatchew Mekuria & The Ex & Guests;Moa Anbessa;Jazz Fusion;61,58;9,5;3;
964;Revocation;Netherheaven;Technical Death Metal;44,48;8,25;1;1,9
965;The Roots;Game Theory;Hip Hop/ Rap;50,54;10,5;2;2,1
966;Boundaries;Your Receding Warmth;Hardcore/ Deathcore;32,40;10,5;4;4,2
967;Alpha Wolf;Mono;Deathcore;34,17;9,25;4;4,2
968;The Mars Volta;The Bedlam In Goliath;Rock Progressivo;79,29;11;5;5,1
969;ZHU;Dreamland;House;72,30;8,25;13;
970;Namadzu;Hagakure;Hip Hop;16,10;9,5;2;
971;Hard To Remember;System 5000;Synthwave;61,11;8,5;13;
972;House Of Pain;Same As It Ever Was;Hip Hop/ Rap;51,23;10,5;2;2,1
973;ELIXI7R;End Of Beginning;DnB;22,60;8,5;13;
974;Vildhjarta;Masstaden Under Vatten;Progressive Death Metal;80,08;9;1;1,3
975;Fallujah;Empyrean;Progressive Death Metal;52,13;11;1;1,3
976;Pharoahe Monch;Internal Affairs;Hip Hop/ Rap;54,05;7,75;2;2,1
977;Scarlet Meridian;The Owl Keeper;Melodic Death Metal;24,25;9;1;1,1
978;How To Desappear Completely;Seraphin;Ambiente;99,37;7;13;
979;Eldest 11;Worst Part Of A Decade;Alternative Metal;40,52;7,5;1;1,9
980;Sirface;For Reasons Unknow;Alternative Metal;45,00;7,5;1;1,9
981;Psycada;Hiking Lung;Rock Progressivo;32,30;8;5;5,1
982;Bajoxtierra;Repentance;Alternative Metal/ Industrial;36,15;8,25;1;1,9
983;Dr. Gabba;Planet Piano;House/ Internetcore;26,48;7,5;13;
984;Ro;Virtual World Maniac;Breakcore;46,30;7,25;13;
985;Boneless Terror;Rotten Minds;Trap;22,38;7,75;2;
986;An Abstract Illusion;Woe;Progressive Death Metal;59,55;9,75;1;1,9
987;Nightshift;Slow + Reverb, Vol. 1;Vaporwave;33,35;10;13;
988;Epsyle;Kabbalah Criminal;Breakcore/ Internetcore;40,08;10;13;
989;RUDE;Eternal Youth;Hip Hop;52,39;10,25;2;2,3
990;DVRST;Circlusion;Ambiental/ Industrial;38,46;10;13;
991;Ikiru;Bxrn Tx Die;Phonk/ Wave;21,56;9;13;
992;Hohenheim;Phantasmata;Ambiental/ Industrial;60,05;7,25;13;
993;Tallah;The Generation Of Danger;Nu Metal;57,55;9;1;1,9
994;Chill-E Beats;Finesse & Grace;Trap;28,22;8,75;2;2,3
995;Nanikacira;Wander;J-Rock;21,55;8;5;
996;Bìa;Twilight;Rock;59,24;10,5;5;
997;Metaroom;Dog Bus Remixes;Breakcore/ Internetcore;20,22;10;13;
998;King's Field IV;OST;Soundtrack;64,33;8;12;
999;Samurai Drive;Selftitled;Pos Punk;41,34;10;13;
1000;Grim Salvo;Mildred;Trap/ Nu Metal;37,09;11;1;1,9
1001;Tzusing;Undefeated East;Techno;32,35;11;13;
1002;The Future Sound Of London;Yage;Trip Hop;52,40;10;6;6,2
1003;Soul Blind;Fell It All Around;Post Nu Metal;38,29;9,5;1;1,9
1004;A Poor Man's Poison;Providence;Bluegrass;43,10;9,25;13;
1005;City;A Goal Is An Image;Eletrìnica/ Experimental;35,57;9,9;13;
1006;Verti_dx;Zerai 3 Conduit Verse;Breakbeat;33,41;10;13;
1007;Vertigoaway;Beisolhof Vol. 2;Breakbeat;33,02;11;13;
1008;Fleshgod Apocalypse;King;Death Metal;57,29;9;1;1,13
1009;Archspire;Bleed The Future;Death Metal TÇcnico;31,34;10;1;1,13
1010;Fleshwater;We're Not Here To Be Loved;Post Hardcore;27,60;9;4;
1011;Magnavolt;Gen One////Slowed Reverb;Synthwave;37,28;9;11;
1012;Gabber Modus Operandi;PUXXXIMAXXX;Techno/ Industrial;36,46;10;13;
1013;The Crane Wives;Foxclore;Folk;42,00;7;8;
1014;Bohren E Der Club Of Gore;Midnight Radio;Ambiente;145,22;9;13;
1015;Narrow Head;12th House Rock;Post Hardcore;47,31;8,75;4;
1016;.Akime;Biggest Mistake In My Life;Phonk/ Wave;15,23;10;13;
1017;The Death Particle;Epitaph;Jazz Fusion;59,42;10;3;
1018;Paleface Swiss;Fear And Dagger;Hardcore;66,57;7,5;4;
1019;Charanjit Singh;Tem Ragas To A Disco Beat;Eletrìnica/ Experimental;46,45;8;13;
